Model,Reads,Min,Max,Mean
HAC,200002,2000,5000,2449.410455895441
SUP,200673,2000,4999,2450.0524534939927
